{
  "id": "",
  "name": "",
  "font_family": "iconfont",
  "css_prefix_text": "icon-",
  "description": "",
  "glyphs": [
    {
      "icon_id": "356478",
      "name": "微博",
      "font_class": "weibo",
      "unicode": "e62f",
      "unicode_decimal": 58927
    },
    {
      "icon_id": "476283",
      "name": "icon正品",
      "font_class": "iconzhengpin",
      "unicode": "e640",
      "unicode_decimal": 58944
    },
    {
      "icon_id": "573775",
      "name": "分享",
      "font_class": "fenxiang",
      "unicode": "e63c",
      "unicode_decimal": 58940
    },
    {
      "icon_id": "725697",
      "name": "微信",
      "font_class": "weixin1",
      "unicode": "e602",
      "unicode_decimal": 58882
    },
    {
      "icon_id": "755541",
      "name": "放大镜",
      "font_class": "search",
      "unicode": "e623",
      "unicode_decimal": 58915
    },
    {
      "icon_id": "986226",
      "name": "微信",
      "font_class": "weixin-copy",
      "unicode": "e65b",
      "unicode_decimal": 58971
    },
    {
      "icon_id": "1127398",
      "name": "左箭头",
      "font_class": "leftarrow",
      "unicode": "e624",
      "unicode_decimal": 58916
    },
    {
      "icon_id": "1127400",
      "name": "右箭头",
      "font_class": "rightarrow",
      "unicode": "e626",
      "unicode_decimal": 58918
    },
    {
      "icon_id": "1244196",
      "name": "支付宝",
      "font_class": "zhifubao",
      "unicode": "e694",
      "unicode_decimal": 59028
    },
    {
      "icon_id": "1614447",
      "name": "客服",
      "font_class": "kefu",
      "unicode": "e622",
      "unicode_decimal": 58914
    },
    {
      "icon_id": "2078817",
      "name": "dkw_消息 ",
      "font_class": "dkw_xiaoxi",
      "unicode": "e606",
      "unicode_decimal": 58886
    },
    {
      "icon_id": "2127139",
      "name": "选中",
      "font_class": "selected",
      "unicode": "e611",
      "unicode_decimal": 58897
    },
    {
      "icon_id": "2170953",
      "name": "消息",
      "font_class": "xiaoxi",
      "unicode": "e60f",
      "unicode_decimal": 58895
    },
    {
      "icon_id": "2604474",
      "name": "闪电",
      "font_class": "shandian",
      "unicode": "e60d",
      "unicode_decimal": 58893
    },
    {
      "icon_id": "4346520",
      "name": "返回顶部",
      "font_class": "fanhuidingbu",
      "unicode": "e619",
      "unicode_decimal": 58905
    },
    {
      "icon_id": "4638858",
      "name": "电话",
      "font_class": "phone",
      "unicode": "e880",
      "unicode_decimal": 59520
    },
    {
      "icon_id": "5203226",
      "name": "爱心",
      "font_class": "aixin",
      "unicode": "e61a",
      "unicode_decimal": 58906
    },
    {
      "icon_id": "5912741",
      "name": "购物车",
      "font_class": "gouwuche",
      "unicode": "e614",
      "unicode_decimal": 58900
    },
    {
      "icon_id": "6049951",
      "name": "快递",
      "font_class": "kuaidi",
      "unicode": "e61e",
      "unicode_decimal": 58910
    },
    {
      "icon_id": "6756291",
      "name": "微博",
      "font_class": "weibo1",
      "unicode": "e608",
      "unicode_decimal": 58888
    },
    {
      "icon_id": "8288831",
      "name": "地球",
      "font_class": "diqiu",
      "unicode": "e844",
      "unicode_decimal": 59460
    },
    {
      "icon_id": "8798025",
      "name": "帮助中心",
      "font_class": "bangzhuzhongxin",
      "unicode": "e7d6",
      "unicode_decimal": 59350
    },
    {
      "icon_id": "11058856",
      "name": "小程序",
      "font_class": "xiaochengxu",
      "unicode": "e63e",
      "unicode_decimal": 58942
    },
    {
      "icon_id": "11349237",
      "name": "QQ",
      "font_class": "QQ",
      "unicode": "e651",
      "unicode_decimal": 58961
    },
    {
      "icon_id": "12975015",
      "name": "支付宝",
      "font_class": "zhifubao1",
      "unicode": "e637",
      "unicode_decimal": 58935
    },
    {
      "icon_id": "14718692",
      "name": "tx-fill-五角星形",
      "font_class": "tx-fill-wujiaoxingxing",
      "unicode": "e64d",
      "unicode_decimal": 58957
    },
    {
      "icon_id": "15559654",
      "name": "空间",
      "font_class": "shejiaotubiao-04",
      "unicode": "e641",
      "unicode_decimal": 58945
    },
    {
      "icon_id": "15559694",
      "name": "人人",
      "font_class": "shejiaotubiao-49",
      "unicode": "e648",
      "unicode_decimal": 58952
    }
  ]
}
